episode_id,season,season_episode_no,episode_overall_no,title,imdb_rating,image_url
1,1,1,1,Simpsons Roasting on an Open Fire,8.2,http://static-media.fxx.com/img/FX_Networks_-_FXX/617/479/Simpsons_01_08.jpg
2,1,2,2,Bart the Genius,7.8,http://static-media.fxx.com/img/FX_Networks_-_FXX/265/167/Simpsons_01_02.jpg
3,1,3,3,Homer's Odyssey,7.5,http://static-media.fxx.com/img/FX_Networks_-_FXX/621/883/Simpsons_01_03.jpg
4,1,4,4,There's No Disgrace Like Home,7.8,http://static-media.fxx.com/img/FX_Networks_-_FXX/632/119/Simpsons_01_04__343617.jpg
5,1,5,5,Bart the General,8.1,http://static-media.fxx.com/img/FX_Networks_-_FXX/274/735/Simpsons_01_05.jpg
6,1,6,6,Moaning Lisa,7.6,http://static-media.fxx.com/img/FX_Networks_-_FXX/631/642/Simpsons_01_06.jpg
7,1,7,7,The Call of the Simpsons,7.9,http://static-media.fxx.com/img/FX_Networks_-_FXX/636/523/Simpsons_01_09__827207.jpg
8,1,8,8,The Telltale Head,7.7,http://static-media.fxx.com/img/FX_Networks_-_FXX/688/495/Simpsons_01_07__906920.jpg
9,1,9,9,Life on the Fast Lane,7.5,http://static-media.fxx.com/img/FX_Networks_-_FXX/132/587/Simpsons_01_11.jpg
10,1,10,10,Homer's Night Out,7.4,http://static-media.fxx.com/img/FX_Networks_-_FXX/305/815/Simpsons_01_10.jpg
11,1,11,11,The Crepes of Wrath,7.8,http://static-media.fxx.com/img/FX_Networks_-_FXX/350/31/Simpsons_01_13.jpg
12,1,12,12,Krusty Gets Busted,8.3,http://static-media.fxx.com/img/FX_Networks_-_FXX/245/843/Simpsons_01_12.jpg
13,1,13,13,Some Enchanted Evening,7.9,http://static-media.fxx.com/img/FX_Networks_-_FXX/669/155/Simpsons_01_01.jpg
14,2,1,14,"Bart Gets an ""F""",8.2,http://static-media.fxx.com/img/FX_Networks_-_FXX/662/811/bart_gets_F.jpg
15,2,2,15,Simpson and Delilah,8.3,http://static-media.fxx.com/img/FX_Networks_-_FXX/663/286/Simpsons_02_02.jpg
16,2,3,16,Treehouse of Horror,8.2,http://static-media.fxx.com/img/FX_Networks_-_FXX/661/835/Simpsons_02_04.jpg
17,2,4,17,Two Cars in Every Garage and Three Eyes on Every Fish,8.1,http://static-media.fxx.com/img/FX_Networks_-_FXX/660/859/Simpsons_02_01.jpg
18,2,5,18,Dancin' Homer,7.5,http://static-media.fxx.com/img/FX_Networks_-_FXX/661/835/Simpsons_02_05.jpg
19,2,6,19,Dead Putting Society,8.0,http://static-media.fxx.com/img/FX_Networks_-_FXX/662/811/Simpsons_02_08.jpg
20,2,7,20,Bart vs. Thanksgiving,7.7,http://static-media.fxx.com/img/FX_Networks_-_FXX/662/811/Simpsons_02_07.jpg
21,2,8,21,Bart the Daredevil,8.4,http://static-media.fxx.com/img/FX_Networks_-_FXX/662/811/Simpsons_02_06.jpg
22,2,9,22,Itchy & Scratchy & Marge,8.1,http://static-media.fxx.com/img/FX_Networks_-_FXX/661/835/Simpsons_02_09.jpg
23,2,10,23,Bart Gets Hit by a Car,7.8,http://static-media.fxx.com/img/FX_Networks_-_FXX/673/547/bart_gets_hit_by_car.jpg
24,2,11,24,"One Fish, Two Fish, Blowfish, Blue Fish",8.8,http://static-media.fxx.com/img/FX_Networks_-_FXX/671/595/Simpsons_02_11.jpg
25,2,12,25,The Way We Was,8.2,http://static-media.fxx.com/img/FX_Networks_-_FXX/672/71/Simpsons_02_12__377251.jpg
26,2,13,26,Homer vs. Lisa and the 8th Commandment,8.0,http://static-media.fxx.com/img/FX_Networks_-_FXX/930/879/Simpsons_02_13.jpg
27,2,14,27,Principal Charming,7.5,http://static-media.fxx.com/img/FX_Networks_-_FXX/411/107/Simpsons_02_15.jpg
28,2,15,28,"Oh Brother, Where Art Thou?",8.2,http://static-media.fxx.com/img/FX_Networks_-_FXX/372/934/Simpsons_02_16.jpg
29,2,16,29,"Bart's Dog Gets an ""F""",7.5,http://static-media.fxx.com/img/FX_Networks_-_FXX/361/699/bart.jpg
30,2,17,30,Old Money,7.6,http://static-media.fxx.com/img/FX_Networks_-_FXX/418/939/old_money.jpg
31,2,18,31,Brush with Greatness,8.0,http://static-media.fxx.com/img/FX_Networks_-_FXX/381/719/brush_w_greatness.jpg
32,2,19,32,Lisa's Substitute,8.5,http://static-media.fxx.com/img/FX_Networks_-_FXX/238/11/Simpsons_02_19.jpg
33,2,20,33,The War of the Simpsons,7.9,http://static-media.fxx.com/img/FX_Networks_-_FXX/366/579/the_war_of_simpsons.jpg
34,2,21,34,Three Men and a Comic Book,8.4,http://static-media.fxx.com/img/FX_Networks_-_FXX/55/807/Simpsons_02_21.jpg
35,2,22,35,Blood Feud,8.0,http://static-media.fxx.com/img/FX_Networks_-_FXX/368/31/Simpsons_02_22.jpg
36,3,1,36,Stark Raving Dad,8.6,http://static-media.fxx.com/img/FX_Networks_-_FXX/551/639/Simpsons_03_02.jpg
37,3,2,37,Mr. Lisa Goes to Washington,7.7,http://static-media.fxx.com/img/FX_Networks_-_FXX/305/315/MrLisaGoestoWashington.jpg
38,3,3,38,When Flanders Failed,8.2,http://static-media.fxx.com/img/FX_Networks_-_FXX/377/314/WhenFlandersFailed.jpg
39,3,4,39,Bart the Murderer,8.7,http://static-media.fxx.com/img/FX_Networks_-_FXX/241/939/BarttheMurderer.jpg
40,3,5,40,Homer Defined,8.5,http://static-media.fxx.com/img/FX_Networks_-_FXX/210/387/HomerDefined.jpg
41,3,6,41,"Like Father, Like Clown",7.7,http://static-media.fxx.com/img/FX_Networks_-_FXX/239/191/Simpsons_03_07.jpg
42,3,7,42,Treehouse of Horror II,8.2,http://static-media.fxx.com/img/FX_Networks_-_FXX/380/243/Simpsons_03_04.jpg
43,3,8,43,Lisa's Pony,7.9,http://static-media.fxx.com/img/FX_Networks_-_FXX/61/163/Simpsons_03_Lisas_Pony.jpg
44,3,9,44,Saturdays of Thunder,7.9,http://static-media.fxx.com/img/FX_Networks_-_FXX/262/139/SaturdaysofThunder.jpg
45,3,10,45,Flaming Moe's,8.8,http://static-media.fxx.com/img/FX_Networks_-_FXX/688/495/FlamingMoes.jpg
46,3,11,46,Burns Verkaufen der Kraftwerk,8.2,http://static-media.fxx.com/img/FX_Networks_-_FXX/66/542/BURNS_DE_KRAFTWERK.jpg
47,3,12,47,I Married Marge,8.2,http://static-media.fxx.com/img/FX_Networks_-_FXX/43/355/I_Married_Marge.jpg
48,3,13,48,Radio Bart,8.5,http://static-media.fxx.com/img/FX_Networks_-_FXX/378/791/RadioBart.jpg
49,3,14,49,Lisa the Greek,8.0,http://static-media.fxx.com/img/FX_Networks_-_FXX/643/854/LisatheGreek.jpg
50,3,15,50,Homer Alone,8.0,http://static-media.fxx.com/img/FX_Networks_-_FXX/542/855/HomerAlone.jpg
51,3,16,51,Bart the Lover,8.3,http://static-media.fxx.com/img/FX_Networks_-_FXX/546/759/BarttheLover.jpg
52,3,17,52,Homer at the Bat,8.6,http://static-media.fxx.com/img/FX_Networks_-_FXX/66/543/HomerattheBat.jpg
53,3,18,53,Separate Vocations,8.2,http://static-media.fxx.com/img/FX_Networks_-_FXX/426/747/SeparateVocations.jpg
54,3,19,54,Dog of Death,7.7,http://static-media.fxx.com/img/FX_Networks_-_FXX/573/459/Simpsons_03_19.jpg
55,3,20,55,Colonel Homer,7.9,http://static-media.fxx.com/img/FX_Networks_-_FXX/534/47/ColonelHomer.jpg
56,3,21,56,Black Widower,8.2,http://static-media.fxx.com/img/FX_Networks_-_FXX/539/427/BlackWidower.jpg
57,3,22,57,The Otto Show,7.7,http://static-media.fxx.com/img/FX_Networks_-_FXX/958/415/TheOttoShow.jpg
58,3,23,58,Bart's Friend Falls in Love,7.8,http://static-media.fxx.com/img/FX_Networks_-_FXX/140/895/BartsFriendFallsInLove.jpg
59,3,24,59,"Brother, Can You Spare Two Dimes?",8.2,http://static-media.fxx.com/img/FX_Networks_-_FXX/954/11/BrotherCanYouSpare.jpg
60,4,1,60,Kamp Krusty,8.4,http://static-media.fxx.com/img/FX_Networks_-_FXX/987/218/Simpsons_04_02.jpg
61,4,2,61,A Streetcar Named Marge,8.1,http://static-media.fxx.com/img/FX_Networks_-_FXX/770/807/Simpsons_04_01__722726.jpg
62,4,3,62,Homer the Heretic,9.0,http://static-media.fxx.com/img/FX_Networks_-_FXX/991/623/Simpsons_04_03.jpg
63,4,4,63,Lisa the Beauty Queen,7.8,http://static-media.fxx.com/img/FX_Networks_-_FXX/770/807/Simpsons_04_04.jpg
64,4,5,64,Treehouse of Horror III,8.4,http://static-media.fxx.com/img/FX_Networks_-_FXX/693/375/Simpsons_04_06.jpg
65,4,6,65,Itchy & Scratchy: The Movie,8.2,http://static-media.fxx.com/img/FX_Networks_-_FXX/672/279/Simpsons_04_05.jpg
66,4,7,66,Marge Gets a Job,7.8,http://static-media.fxx.com/img/FX_Networks_-_FXX/38/975/Simpsons_04_07.jpg
67,4,8,67,New Kid on the Block,8.2,http://static-media.fxx.com/img/FX_Networks_-_FXX/775/187/Simpsons_04_08.jpg
68,4,9,68,Mr. Plow,8.8,http://static-media.fxx.com/img/FX_Networks_-_FXX/777/139/Simpsons_04_09.jpg
69,4,10,69,Lisa's First Word,8.5,http://static-media.fxx.com/img/FX_Networks_-_FXX/252/675/Simpsons_04_10.jpg
70,4,11,70,Homer's Triple Bypass,8.7,http://static-media.fxx.com/img/FX_Networks_-_FXX/781/42/Simpsons_04_11.jpg
71,4,12,71,Marge vs. the Monorail,9.0,http://static-media.fxx.com/img/FX_Networks_-_FXX/353/959/Simpsons_04_12.jpg
72,4,13,72,Selma's Choice,8.0,http://static-media.fxx.com/img/FX_Networks_-_FXX/72/899/Simpsons_04_13.jpg
73,4,14,73,Brother from the Same Planet,8.1,http://static-media.fxx.com/img/FX_Networks_-_FXX/286/347/Simpsons_04_14.jpg
74,4,15,74,I Love Lisa,8.3,http://static-media.fxx.com/img/FX_Networks_-_FXX/290/251/Simpsons_04_15.jpg
75,4,16,75,Duffless,8.3,http://static-media.fxx.com/img/FX_Networks_-_FXX/214/847/Simpsons_04_16_Duffless.jpg
76,4,17,76,Last Exit to Springfield,9.0,http://static-media.fxx.com/img/FX_Networks_-_FXX/71/579/Simpsons_04_17_Last_Exit_to_Springfield.jpg
77,4,18,77,So It's Come to This: A Simpsons Clip Show,7.2,http://static-media.fxx.com/img/FX_Networks_-_FXX/695/327/Simpsons_04_19.jpg
78,4,19,78,The Front,8.1,http://static-media.fxx.com/img/FX_Networks_-_FXX/255/603/Simpsons_04_18.jpg
79,4,20,79,Whacking Day,8.1,http://static-media.fxx.com/img/FX_Networks_-_FXX/350/323/Simpsons_04_20.jpg
80,4,21,80,Marge in Chains,7.7,http://static-media.fxx.com/img/FX_Networks_-_FXX/32/119/Simpsons_04_22.jpg
81,4,22,81,Krusty Gets Kancelled,8.2,http://static-media.fxx.com/img/FX_Networks_-_FXX/432/843/Simpsons_04_21.jpg
82,5,1,82,Homer's Barbershop Quartet,8.4,http://static-media.fxx.com/img/FX_Networks_-_FXX/698/755/Simpsons_05_01__100677.jpg
83,5,2,83,Cape Feare,9.0,http://static-media.fxx.com/img/FX_Networks_-_FXX/699/231/Simpsons_05_02__845470.jpg
84,5,3,84,Homer Goes to College,8.6,http://static-media.fxx.com/img/FX_Networks_-_FXX/146/751/Simpsons_05_04.jpg
85,5,4,85,Rosebud,8.9,http://static-media.fxx.com/img/FX_Networks_-_FXX/517/423/Simpsons_05_03.jpg
86,5,5,86,Treehouse of Horror IV,8.7,http://static-media.fxx.com/img/FX_Networks_-_FXX/314/99/Simpsons_05_06.jpg
87,5,6,87,Marge on the Lam,8.0,http://static-media.fxx.com/img/FX_Networks_-_FXX/546/662/Simpsons_05_05.jpg
88,5,7,88,Bart's Inner Child,7.7,http://static-media.fxx.com/img/FX_Networks_-_FXX/310/695/Simpsons_05_07.jpg
89,5,8,89,Boy-Scoutz 'n the Hood,8.7,http://static-media.fxx.com/img/FX_Networks_-_FXX/280/1003/Simpsons_05_08.jpg
90,5,9,90,The Last Temptation of Homer,8.4,http://static-media.fxx.com/img/FX_Networks_-_FXX/309/219/Simpsons_05_09.jpg
91,5,10,91,"$pringfield (or, How I Learned to Stop Worrying and Love Legalized Gambling)",8.5,http://static-media.fxx.com/img/FX_Networks_-_FXX/684/590/Simpsons_05_10.jpg
92,5,11,92,Homer the Vigilante,8.2,http://static-media.fxx.com/img/FX_Networks_-_FXX/702/159/Simpsons_05_11.jpg
93,5,12,93,Bart Gets Famous,8.1,http://static-media.fxx.com/img/FX_Networks_-_FXX/1019/279/Simpsons_05_13.jpg
94,5,13,94,Homer and Apu,8.3,http://static-media.fxx.com/img/FX_Networks_-_FXX/519/875/Simpsons_05_12.jpg
95,5,14,95,Lisa vs. Malibu Stacy,8.2,http://static-media.fxx.com/img/FX_Networks_-_FXX/435/771/Simpsons_05_14.jpg
96,5,15,96,Deep Space Homer,8.8,http://static-media.fxx.com/img/FX_Networks_-_FXX/804/339/Simpsons_05_15__481014.jpg
97,5,16,97,Homer Loves Flanders,8.5,http://static-media.fxx.com/img/FX_Networks_-_FXX/83/635/Simpsons_05_16__340809.jpg
98,5,17,98,Bart Gets an Elephant,7.9,http://static-media.fxx.com/img/FX_Networks_-_FXX/810/195/Simpsons_05_17.jpg
99,5,18,99,Burns' Heir,8.4,http://static-media.fxx.com/img/FX_Networks_-_FXX/267/619/Simpsons_05_18.jpg
100,5,19,100,Sweet Seymour Skinner's Baadasssss Song,8.4,http://static-media.fxx.com/img/FX_Networks_-_FXX/435/771/Simpsons_05_19.jpg
101,5,20,101,The Boy Who Knew Too Much,8.2,http://static-media.fxx.com/img/FX_Networks_-_FXX/665/947/Simpsons_05_20.jpg
102,5,21,102,Lady Bouvier's Lover,7.5,http://static-media.fxx.com/img/FX_Networks_-_FXX/706/62/Simpsons_05_22.jpg
103,5,22,103,Secrets of a Successful Marriage,8.0,http://static-media.fxx.com/img/FX_Networks_-_FXX/522/803/Simpsons_05_21__042261.jpg
104,6,1,104,Bart of Darkness,8.6,http://static-media.fxx.com/img/FX_Networks_-_FXX/265/950/Bart_Darnkess.jpg
105,6,2,105,Lisa's Rival,8.1,http://static-media.fxx.com/img/FX_Networks_-_FXX/678/635/Lisas_Rival.jpg
106,6,3,106,Another Simpsons Clip Show,6.0,http://static-media.fxx.com/img/FX_Networks_-_FXX/268/379/Simpsons_06_25.jpg
107,6,4,107,Itchy & Scratchy Land,8.5,http://static-media.fxx.com/img/FX_Networks_-_FXX/271/1022/Simpsons_06_03__786954.jpg
108,6,5,108,Sideshow Bob Roberts,8.3,http://static-media.fxx.com/img/FX_Networks_-_FXX/813/622/Simpsons_06_04.jpg
109,6,6,109,Treehouse of Horror V,9.0,http://static-media.fxx.com/img/FX_Networks_-_FXX/23/835/Simpsons_06_05.jpg
110,6,7,110,Bart's Girlfriend,8.0,http://static-media.fxx.com/img/FX_Networks_-_FXX/827/287/Simpsons_06_06.jpg
111,6,8,111,Lisa on Ice,8.4,http://static-media.fxx.com/img/FX_Networks_-_FXX/829/238/Simpsons_06_07.jpg
112,6,9,112,Homer Badman,9.0,http://static-media.fxx.com/img/FX_Networks_-_FXX/829/739/homner_badman.jpg
113,6,10,113,Grampa vs. Sexual Inadequacy,8.0,http://static-media.fxx.com/img/FX_Networks_-_FXX/440/151/Simpsons_06_09.jpg
114,6,11,114,Fear of Flying,7.8,http://static-media.fxx.com/img/FX_Networks_-_FXX/708/514/Simpsons_06_10.jpg
115,6,12,115,Homer the Great,8.9,http://static-media.fxx.com/img/FX_Networks_-_FXX/828/763/Simpsons_06_11__977485.jpg
116,6,13,116,And Maggie Makes Three,8.5,http://static-media.fxx.com/img/FX_Networks_-_FXX/666/423/Simpsons_06_12.jpg
117,6,14,117,Bart's Comet,8.6,http://static-media.fxx.com/img/FX_Networks_-_FXX/829/739/Simpsons_06_13.jpg
118,6,15,118,Homie the Clown,8.5,http://static-media.fxx.com/img/FX_Networks_-_FXX/526/207/Simpsons_06_14.jpg
119,6,16,119,Bart vs. Australia,8.5,http://static-media.fxx.com/img/FX_Networks_-_FXX/831/691/Simpsons_06_15.jpg
120,6,17,120,Homer vs. Patty and Selma,7.9,http://static-media.fxx.com/img/FX_Networks_-_FXX/709/990/Simpsons_06_16.jpg
121,6,18,121,A Star Is Burns,8.5,http://static-media.fxx.com/img/FX_Networks_-_FXX/273/474/Simpsons_06_23__719260.jpg
122,6,19,122,Lisa's Wedding,8.3,http://static-media.fxx.com/img/FX_Networks_-_FXX/834/118/Simpsons_06_17.jpg
123,6,20,123,Two Dozen and One Greyhounds,8.1,http://static-media.fxx.com/img/FX_Networks_-_FXX/676/183/Simpsons_06_19.jpg
124,6,21,124,The PTA Disbands,8.1,http://static-media.fxx.com/img/FX_Networks_-_FXX/550/67/Simpsons_06_20.jpg
125,6,22,125,'Round Springfield,8.3,http://static-media.fxx.com/img/FX_Networks_-_FXX/838/23/Simpsons_06_24__681923.jpg
126,6,23,126,The Springfield Connection,8.2,http://static-media.fxx.com/img/FX_Networks_-_FXX/712/918/Simpsons_06_21.jpg
127,6,24,127,Lemon of Troy,8.6,http://static-media.fxx.com/img/FX_Networks_-_FXX/445/31/Simpsons_06_22__554399.jpg
128,6,25,128,Who Shot Mr. Burns? (Part One),9.1,http://static-media.fxx.com/img/FX_Networks_-_FXX/550/567/Simpsons_06_18.jpg
129,7,1,129,Who Shot Mr. Burns? (Part Two),8.9,http://static-media.fxx.com/img/FX_Networks_-_FXX/713/395/Simpsons_07_02.jpg
130,7,2,130,Radioactive Man,8.3,http://static-media.fxx.com/img/FX_Networks_-_FXX/716/823/Simpsons_07_01.jpg
131,7,3,131,Home Sweet Homediddly-Dum-Doodily,8.3,http://static-media.fxx.com/img/FX_Networks_-_FXX/151/307/Simpsons_07_03.jpg
132,7,4,132,Bart Sells His Soul,8.7,http://static-media.fxx.com/img/FX_Networks_-_FXX/974/183/Simpsons_07_04.jpg
133,7,5,133,Lisa the Vegetarian,8.5,http://static-media.fxx.com/img/FX_Networks_-_FXX/981/1015/Simpsons_07_05.jpg
134,7,6,134,Treehouse of Horror VI,8.5,http://static-media.fxx.com/img/FX_Networks_-_FXX/89/491/Simpsons_07_06.jpg
135,7,7,135,King-Size Homer,9.0,http://static-media.fxx.com/img/FX_Networks_-_FXX/555/447/Simpsons_07_07.jpg
136,7,8,136,Mother Simpson,8.5,http://static-media.fxx.com/img/FX_Networks_-_FXX/985/419/Simpsons_07_08.jpg
137,7,9,137,Sideshow Bob's Last Gleaming,8.0,http://static-media.fxx.com/img/FX_Networks_-_FXX/1022/706/Simpsons_07_10.jpg
138,7,10,138,The Simpsons 138th Episode Spectacular,7.5,http://static-media.fxx.com/img/FX_Networks_-_FXX/173/987/Simpsons_07_25_Spectacular.jpg
139,7,11,139,Marge Be Not Proud,8.3,http://static-media.fxx.com/img/FX_Networks_-_FXX/694/351/Simpsons_07_09.jpg
140,7,12,140,Team Homer,8.3,http://static-media.fxx.com/img/FX_Networks_-_FXX/1022/707/Simpsons_07_12.jpg
141,7,13,141,Two Bad Neighbors,8.7,http://static-media.fxx.com/img/FX_Networks_-_FXX/995/179/Simpsons_07_11.jpg
142,7,14,142,Scenes from the Class Struggle in Springfield,7.7,http://static-media.fxx.com/img/FX_Networks_-_FXX/717/799/Simpsons_07_13.jpg
143,7,15,143,Bart the Fink,7.7,http://static-media.fxx.com/img/FX_Networks_-_FXX/667/303/Simpsons_07_14.jpg
144,7,16,144,Lisa the Iconoclast,8.1,http://static-media.fxx.com/img/FX_Networks_-_FXX/2/111/Simpsons_07_15.jpg
145,7,17,145,Homer the Smithers,8.9,http://static-media.fxx.com/img/FX_Networks_-_FXX/213/871/Simpsons_07_16.jpg
146,7,18,146,The Day the Violence Died,8.0,http://static-media.fxx.com/img/FX_Networks_-_FXX/974/935/Simpsons_07_18.jpg
147,7,19,147,A Fish Called Selma,8.2,http://static-media.fxx.com/img/FX_Networks_-_FXX/275/210/Simpsons_07_17.jpg
148,7,20,148,Bart on the Road,8.6,http://static-media.fxx.com/img/FX_Networks_-_FXX/1001/35/Simpsons_07_19.jpg
149,7,21,149,22 Short Films About Springfield,8.8,http://static-media.fxx.com/img/FX_Networks_-_FXX/14/551/Simpsons_07_20.jpg
150,7,22,150,"Raging Abe Simpson and His Grumbling Grandson in ""The Curse of the Flying Hellfish""",8.3,http://static-media.fxx.com/img/FX_Networks_-_FXX/531/87/Simpsons_07_21.jpg
151,7,23,151,Much Apu About Nothing,8.0,http://static-media.fxx.com/img/FX_Networks_-_FXX/89/991/Simpsons_07_22.jpg
152,7,24,152,Homerpalooza,8.0,http://static-media.fxx.com/img/FX_Networks_-_FXX/1008/867/Simpsons_07_23.jpg
153,7,25,153,Summer of 4 Ft. 2,8.3,http://static-media.fxx.com/img/FX_Networks_-_FXX/1013/746/Simpsons_07_24.jpg
154,8,1,154,Treehouse of Horror VII,8.3,http://static-media.fxx.com/img/FX_Networks_-_FXX/49/711/Simpsons_08_06__754432.jpg
155,8,2,155,You Only Move Twice,9.2,http://static-media.fxx.com/img/FX_Networks_-_FXX/357/863/Simpsons_08_01__547424.jpg
156,8,3,156,The Homer They Fall,8.0,http://static-media.fxx.com/img/FX_Networks_-_FXX/283/431/Simpsons_08_07__807077.jpg
157,8,4,157,"Burns, Baby Burns",7.7,http://static-media.fxx.com/img/FX_Networks_-_FXX/47/258/Simpsons_08_09.jpg
158,8,5,158,Bart After Dark,8.2,http://static-media.fxx.com/img/FX_Networks_-_FXX/558/375/Simpsons_08_10.jpg
159,8,6,159,A Milhouse Divided,8.0,http://static-media.fxx.com/img/FX_Networks_-_FXX/1024/983/Simpsons_08_08.jpg
160,8,7,160,Lisa's Date with Density,7.8,http://static-media.fxx.com/img/FX_Networks_-_FXX/361/767/Simpsons_08_05__410383.jpg
161,8,8,161,Hurricane Neddy,8.8,http://static-media.fxx.com/img/FX_Networks_-_FXX/297/607/Simpsons_08_11.jpg
162,8,9,162,El Viaje Misterioso de Nuestro Jomer (The Mysterious Voyage of Homer),8.5,http://static-media.fxx.com/img/FX_Networks_-_FXX/300/35/Simpsons_08_02.jpg
163,8,10,163,The Springfield Files,9.0,http://static-media.fxx.com/img/FX_Networks_-_FXX/306/391/Simpsons_08_03__677111.jpg
164,8,11,164,The Twisted World of Marge Simpson,7.8,http://static-media.fxx.com/img/FX_Networks_-_FXX/311/271/Simpsons_08_12.jpg
165,8,12,165,Mountain of Madness,8.6,http://static-media.fxx.com/img/FX_Networks_-_FXX/313/723/Simpsons_08_14.jpg
166,8,13,166,Simpsoncalifragilisticexpiala(Annoyed Grunt)cious,7.7,http://static-media.fxx.com/img/FX_Networks_-_FXX/318/103/Simpsons_08_04.jpg
167,8,14,167,The Itchy & Scratchy & Poochie Show,7.9,http://static-media.fxx.com/img/FX_Networks_-_FXX/324/459/Simpsons_08_16.jpg
168,8,15,168,Homer's Phobia,8.9,http://static-media.fxx.com/img/FX_Networks_-_FXX/330/815/Simpsons_08_15.jpg
169,8,16,169,Brother from Another Series,8.2,http://static-media.fxx.com/img/FX_Networks_-_FXX/341/551/Simpsons_08_18.jpg
170,8,17,170,"My Sister, My Sitter",8.1,http://static-media.fxx.com/img/FX_Networks_-_FXX/346/931/Simpsons_08_17.jpg
171,8,18,171,Homer vs. the Eighteenth Amendment,8.7,http://static-media.fxx.com/img/FX_Networks_-_FXX/443/103/Simpsons_08_19.jpg
172,8,19,172,Grade School Confidential,8.2,http://static-media.fxx.com/img/FX_Networks_-_FXX/452/887/Simpsons_08_13.jpg
173,8,20,173,The Canine Mutiny,7.7,http://static-media.fxx.com/img/FX_Networks_-_FXX/412/347/Simpsons_08_20.jpg
174,8,21,174,The Old Man and the Lisa,7.9,http://static-media.fxx.com/img/FX_Networks_-_FXX/425/35/Simpsons_08_21.jpg
175,8,22,175,In Marge We Trust,8.0,http://static-media.fxx.com/img/FX_Networks_-_FXX/477/287/Simpsons_08_22__537898.jpg
176,8,23,176,Homer's Enemy,9.2,http://static-media.fxx.com/img/FX_Networks_-_FXX/504/139/Simpsons_08_23__999359.jpg
177,8,24,177,The Simpsons Spin-Off Showcase,7.3,http://static-media.fxx.com/img/FX_Networks_-_FXX/517/827/Simpsons_08_24__923857.jpg
178,8,25,178,The Secret War of Lisa Simpson,7.8,http://static-media.fxx.com/img/FX_Networks_-_FXX/530/1014/Simpsons_08_25__334287.jpg
179,9,1,179,The City of New York vs. Homer Simpson,9.1,http://static-media.fxx.com/img/FX_Networks_-_FXX/551/1011/Simpsons_09_03.jpg
180,9,2,180,The Principal and the Pauper,7.4,http://static-media.fxx.com/img/FX_Networks_-_FXX/540/775/Simpsons_09_04.jpg
181,9,3,181,Lisa's Sax,8.1,http://static-media.fxx.com/img/FX_Networks_-_FXX/545/251/Simpsons_09_01.jpg
182,9,4,182,Treehouse of Horror VIII,8.1,http://static-media.fxx.com/img/FX_Networks_-_FXX/1022/879/Simpsons_09_07__865868.jpg
183,9,5,183,The Cartridge Family,8.2,http://static-media.fxx.com/img/FX_Networks_-_FXX/18/227/Simpsons_09_06.jpg
184,9,6,184,Bart Star,7.7,http://static-media.fxx.com/img/FX_Networks_-_FXX/518/967/Simpsons_09_08.jpg
185,9,7,185,The Two Mrs. Nahasapeemapetilons,7.7,http://static-media.fxx.com/img/FX_Networks_-_FXX/5/210/Simpsons_09_09.jpg
186,9,8,186,Lisa the Skeptic,8.0,http://static-media.fxx.com/img/FX_Networks_-_FXX/8/138/Simpsons_09_10.jpg
187,9,9,187,Realty Bites,7.5,http://static-media.fxx.com/img/FX_Networks_-_FXX/151/630/Simpsons_09_11.jpg
188,9,10,188,Miracle on Evergreen Terrace,7.6,http://static-media.fxx.com/img/FX_Networks_-_FXX/825/631/Simpsons_09_12__814973.jpg
189,9,11,189,"All Singing, All Dancing",5.1,http://static-media.fxx.com/img/FX_Networks_-_FXX/575/966/Simpsons_09_25.jpg
190,9,12,190,Bart Carny,7.7,http://static-media.fxx.com/img/FX_Networks_-_FXX/23/107/Simpsons_BartCarny.jpg
191,9,13,191,The Joy of Sect,8.2,http://static-media.fxx.com/img/FX_Networks_-_FXX/51/663/Simpsons_09_24.jpg
192,9,14,192,Das Bus,8.1,http://static-media.fxx.com/img/FX_Networks_-_FXX/579/503/Simpsons_09_16.jpg
193,9,15,193,The Last Temptation of Krust,7.5,http://static-media.fxx.com/img/FX_Networks_-_FXX/580/347/Simpsons_09_15.jpg
194,9,16,194,Dumbbell Indemnity,7.6,http://static-media.fxx.com/img/FX_Networks_-_FXX/422/899/Simpsons_09_17.jpg
195,9,17,195,Lisa the Simpson,8.0,http://static-media.fxx.com/img/FX_Networks_-_FXX/74/611/Simpsons_09_05.jpg
196,9,18,196,This Little Wiggy,7.8,http://static-media.fxx.com/img/FX_Networks_-_FXX/63/875/Simpsons_09_18.jpg
197,9,19,197,Simpson Tide,8.3,http://static-media.fxx.com/img/FX_Networks_-_FXX/14/823/Simpsons_09_02.jpg
198,9,20,198,The Trouble with Trillions,7.9,http://static-media.fxx.com/img/FX_Networks_-_FXX/68/255/Simpsons_09_19.jpg
199,9,21,199,Girly Edition,7.9,http://static-media.fxx.com/img/FX_Networks_-_FXX/94/631/Simpsons_09_20.jpg
200,9,22,200,Trash of the Titans,8.5,http://static-media.fxx.com/img/FX_Networks_-_FXX/12/67/Simpsons_09_14.jpg
201,9,23,201,King of the Hill,8.3,http://static-media.fxx.com/img/FX_Networks_-_FXX/493/199/Simpsons_09_21.jpg
202,9,24,202,Lost Our Lisa,7.7,http://static-media.fxx.com/img/FX_Networks_-_FXX/494/675/Simpsons_09_22__246040.jpg
203,9,25,203,Natural Born Kissers,8.1,http://static-media.fxx.com/img/FX_Networks_-_FXX/499/55/Simpsons_09_23.jpg
204,10,1,204,Lard of the Dance,7.6,http://static-media.fxx.com/img/FX_Networks_-_FXX/835/878/Simpsons_10_02.jpg
205,10,2,205,The Wizard of Evergreen Terrace,8.2,http://static-media.fxx.com/img/FX_Networks_-_FXX/641/266/Simpsons_10_03.jpg
206,10,3,206,Bart the Mother,7.5,http://static-media.fxx.com/img/FX_Networks_-_FXX/633/458/Simpsons_10_04.jpg
207,10,4,207,Treehouse of Horror IX,8.0,http://static-media.fxx.com/img/FX_Networks_-_FXX/652/1003/Simpsons_10_05__447850.jpg
208,10,5,208,When You Dish Upon a Star,7.3,http://static-media.fxx.com/img/FX_Networks_-_FXX/669/595/Simpsons_10_01.jpg
209,10,6,209,D'oh-in' in the Wind,7.6,http://static-media.fxx.com/img/FX_Networks_-_FXX/660/811/Simpsons_10_06.jpg
210,10,7,210,"Lisa Gets an ""A""",8.0,http://static-media.fxx.com/img/FX_Networks_-_FXX/674/475/Simpsons_10_07.jpg
211,10,8,211,"Homer Simpson in: ""Kidney Trouble""",7.3,http://static-media.fxx.com/img/FX_Networks_-_FXX/679/855/Simpsons_10_08.jpg
212,10,9,212,Mayored to the Mob,8.2,http://static-media.fxx.com/img/FX_Networks_-_FXX/685/211/Simpsons_10_09.jpg
213,10,10,213,Viva Ned Flanders,7.8,http://static-media.fxx.com/img/FX_Networks_-_FXX/638/839/Simpsons_10_10.jpg
214,10,11,214,Wild Barts Can't Be Broken,7.7,http://static-media.fxx.com/img/FX_Networks_-_FXX/677/402/Simpsons_10_11.jpg
215,10,12,215,"Sunday, Cruddy Sunday",6.9,http://static-media.fxx.com/img/FX_Networks_-_FXX/655/431/Simpsons_10_12.jpg
216,10,13,216,Homer to the Max,7.7,http://static-media.fxx.com/img/FX_Networks_-_FXX/663/239/Simpsons_10_13.jpg
217,10,14,217,I'm with Cupid,7.3,http://static-media.fxx.com/img/FX_Networks_-_FXX/629/55/Simpsons_10_15.jpg
218,10,15,218,"Marge Simpson in: ""Screaming Yellow Honkers""",7.3,http://static-media.fxx.com/img/FX_Networks_-_FXX/622/223/Simpsons_10_14.jpg
219,10,16,219,Make Room for Lisa,7.5,http://static-media.fxx.com/img/FX_Networks_-_FXX/617/843/Simpsons_10_16.jpg
220,10,17,220,Maximum Homerdrive,7.6,http://static-media.fxx.com/img/FX_Networks_-_FXX/619/795/Simpsons_10_17.jpg
221,10,18,221,Simpsons Bible Stories,7.3,http://static-media.fxx.com/img/FX_Networks_-_FXX/100/486/Simpsons_10_18.jpg
222,10,19,222,Mom and Pop Art,7.6,http://static-media.fxx.com/img/FX_Networks_-_FXX/140/267/Simpsons_10_19.jpg
223,10,20,223,"The Old Man and the ""C"" Student",7.3,http://static-media.fxx.com/img/FX_Networks_-_FXX/558/439/Simpsons_10_20.jpg
224,10,21,224,Monty Can't Buy Me Love,7.2,http://static-media.fxx.com/img/FX_Networks_-_FXX/111/463/Simpsons_10_21.jpg
225,10,22,225,They Saved Lisa's Brain,7.3,http://static-media.fxx.com/img/FX_Networks_-_FXX/813/919/Simpsons_10_22.jpg
226,10,23,226,Thirty Minutes over Tokyo,7.9,http://static-media.fxx.com/img/FX_Networks_-_FXX/845/151/Simpsons_10_23.jpg
227,11,1,227,Beyond Blunderdome,7.3,http://static-media.fxx.com/img/FX_Networks_-_FXX/849/555/Simpsons_11_04.jpg
228,11,2,228,Brother's Little Helper,7.5,http://static-media.fxx.com/img/FX_Networks_-_FXX/37/271/Simpsons_11_03.jpg
229,11,3,229,Guess Who's Coming to Criticize Dinner?,7.5,http://static-media.fxx.com/img/FX_Networks_-_FXX/854/935/Simpsons_11_02__034371.jpg
230,11,4,230,Treehouse of Horror X,7.7,http://static-media.fxx.com/img/FX_Networks_-_FXX/727/407/Simpsons_11_05__484493.jpg
231,11,5,231,E-I-E-I-(Annoyed Grunt),7.6,http://static-media.fxx.com/img/FX_Networks_-_FXX/50/959/Simpsons_11_01.jpg
232,11,6,232,"Hello Gutter, Hello Fadder",7.3,http://static-media.fxx.com/img/FX_Networks_-_FXX/532/499/Simpsons_11_06.jpg
233,11,7,233,Eight Misbehavin',7.1,http://static-media.fxx.com/img/FX_Networks_-_FXX/862/743/Simpsons_11_07.jpg
234,11,8,234,"Take My Wife, Sleaze",7.1,http://static-media.fxx.com/img/FX_Networks_-_FXX/950/1010/Simpsons_11_09.jpg
235,11,9,235,Grift of the Magi,7.3,http://static-media.fxx.com/img/FX_Networks_-_FXX/953/938/Simpsons_11_11__658839.jpg
236,11,10,236,Little Big Mom,7.3,http://static-media.fxx.com/img/FX_Networks_-_FXX/244/955/Simpsons_11_08.jpg
237,11,11,237,Faith Off,6.9,http://static-media.fxx.com/img/FX_Networks_-_FXX/250/311/Simpsons_11_10.jpg
238,11,12,238,The Mansion Family,7.3,http://static-media.fxx.com/img/FX_Networks_-_FXX/549/155/Simpsons_11_12.jpg
239,11,13,239,Saddlesore Galactica,6.6,http://static-media.fxx.com/img/FX_Networks_-_FXX/869/74/Simpsons_11_13.jpg
240,11,14,240,"Alone Again, Natura-diddily",7.9,http://static-media.fxx.com/img/FX_Networks_-_FXX/301/499/Simpsons_11_14.jpg
241,11,15,241,Missionary: Impossible,7.3,http://static-media.fxx.com/img/FX_Networks_-_FXX/141/243/Simpsons_11_15.jpg
242,11,16,242,Pygmoelian,7.3,http://static-media.fxx.com/img/FX_Networks_-_FXX/528/595/Simpsons_11_16.jpg
243,11,17,243,Bart to the Future,7.0,http://static-media.fxx.com/img/FX_Networks_-_FXX/39/223/Simpsons_11_17.jpg
244,11,18,244,Days of Wine and D'oh'ses,7.4,http://static-media.fxx.com/img/FX_Networks_-_FXX/872/1003/Simpsons_11_18.jpg
245,11,19,245,Kill the Alligator and Run,6.6,http://static-media.fxx.com/img/FX_Networks_-_FXX/838/307/Simpsons_11_20.jpg
246,11,20,246,Last Tap Dance in Springfield,7.2,http://static-media.fxx.com/img/FX_Networks_-_FXX/52/410/Simpsons_11_19.jpg
247,11,21,247,"It's a Mad, Mad, Mad, Mad Marge",7.3,http://static-media.fxx.com/img/FX_Networks_-_FXX/989/75/Simpsons_11_21.jpg
248,11,22,248,Behind the Laughter,7.9,http://static-media.fxx.com/img/FX_Networks_-_FXX/553/59/Simpsons_11_22.jpg
249,12,1,249,Treehouse of Horror XI,7.6,http://static-media.fxx.com/img/FX_Networks_-_FXX/534/951/Simpsons_12_03__536295.jpg
250,12,2,250,A Tale of Two Springfields,7.4,http://static-media.fxx.com/img/FX_Networks_-_FXX/252/263/Simpsons_12_02.jpg
251,12,3,251,Insane Clown Poppy,7.1,http://static-media.fxx.com/img/FX_Networks_-_FXX/876/906/Simpsons_12_01.jpg
252,12,4,252,Lisa the Tree Hugger,7.2,http://static-media.fxx.com/img/FX_Networks_-_FXX/881/786/Simpsons_12_05.jpg
253,12,5,253,Homer vs. Dignity,7.2,http://static-media.fxx.com/img/FX_Networks_-_FXX/272/1023/Simpsons_12_08.jpg
254,12,6,254,The Computer Wore Menace Shoes,7.7,http://static-media.fxx.com/img/FX_Networks_-_FXX/47/531/Simpsons_12_06.jpg
255,12,7,255,The Great Money Caper,7.3,http://static-media.fxx.com/img/FX_Networks_-_FXX/561/119/Simpsons_12_07.jpg
256,12,8,256,Skinner's Sense of Snow,8.0,http://static-media.fxx.com/img/FX_Networks_-_FXX/726/431/Simpsons_12_10.jpg
257,12,9,257,HOMR,8.0,http://static-media.fxx.com/img/FX_Networks_-_FXX/887/143/Simpsons_12_04.jpg
258,12,10,258,Pokey Mom,7.3,http://static-media.fxx.com/img/FX_Networks_-_FXX/48/507/Simpsons_12_09.jpg
259,12,11,259,Worst Episode Ever,7.5,http://static-media.fxx.com/img/FX_Networks_-_FXX/142/718/Simpsons_12_12__493414.jpg
260,12,12,260,Tennis the Menace,6.9,http://static-media.fxx.com/img/FX_Networks_-_FXX/257/143/Simpsons_12_11.jpg
261,12,13,261,Day of the Jackanapes,7.2,http://static-media.fxx.com/img/FX_Networks_-_FXX/16/971/Simpsons_12_14__355949.jpg
262,12,14,262,New Kids on the Blecch,7.2,http://static-media.fxx.com/img/FX_Networks_-_FXX/121/223/Simpsons_12_16.jpg
263,12,15,263,"Hungry, Hungry Homer",7.4,http://static-media.fxx.com/img/FX_Networks_-_FXX/726/431/Simpsons_12_13.jpg
264,12,16,264,"Bye, Bye, Nerdie",6.5,http://static-media.fxx.com/img/FX_Networks_-_FXX/49/483/Simpsons_12_15__389134.jpg
265,12,17,265,Simpson Safari,6.9,http://static-media.fxx.com/img/FX_Networks_-_FXX/48/1007/Simpsons_12_17.jpg
266,12,18,266,Trilogy of Error,8.6,http://static-media.fxx.com/img/FX_Networks_-_FXX/46/555/Simpsons_12_18.jpg
267,12,19,267,I'm Goin' to Praiseland,7.3,http://static-media.fxx.com/img/FX_Networks_-_FXX/51/935/Simpsons_12_19.jpg
268,12,20,268,Children of a Lesser Clod,7.3,http://static-media.fxx.com/img/FX_Networks_-_FXX/959/294/Simpsons_12_20.jpg
269,12,21,269,Simpsons Tall Tales,7.0,http://static-media.fxx.com/img/FX_Networks_-_FXX/990/551/Simpsons_12_21.jpg
270,13,1,270,Treehouse of Horror XII,7.5,http://static-media.fxx.com/img/FX_Networks_-_FXX/24/779/treehouse.jpg
271,13,2,271,The Parent Rap,7.1,http://static-media.fxx.com/img/FX_Networks_-_FXX/25/755/Simpsons_13_05.jpg
272,13,3,272,Homer the Moe,7.2,http://static-media.fxx.com/img/FX_Networks_-_FXX/258/619/homer_the_moe.jpg
273,13,4,273,A Hunka Hunka Burns in Love,7.2,http://static-media.fxx.com/img/FX_Networks_-_FXX/665/351/hunk_a_hunk.jpg
274,13,5,274,The Blunder Years,7.7,http://static-media.fxx.com/img/FX_Networks_-_FXX/99/783/the_blunder_eyars.jpg
275,13,6,275,She of Little Faith,7.1,http://static-media.fxx.com/img/FX_Networks_-_FXX/342/515/she_of_little_faith.jpg
276,13,7,276,Brawl in the Family,6.9,http://static-media.fxx.com/img/FX_Networks_-_FXX/658/811/brawl_in_the_family.jpg
277,13,8,277,Sweets and Sour Marge,7.0,http://static-media.fxx.com/img/FX_Networks_-_FXX/94/902/sweet_and_sour_marge.jpg
278,13,9,278,Jaws Wired Shut,7.3,http://static-media.fxx.com/img/FX_Networks_-_FXX/123/674/jaws_wired_shut.jpg
279,13,10,279,Half-Decent Proposal,7.5,http://static-media.fxx.com/img/FX_Networks_-_FXX/990/51/half_decent.jpg
280,13,11,280,The Bart Wants What It Wants,7.1,http://static-media.fxx.com/img/FX_Networks_-_FXX/32/87/the_bart_wants_what.jpg
281,13,12,281,The Lastest Gun in the West,6.5,http://static-media.fxx.com/img/FX_Networks_-_FXX/100/258/the_lastest_gun.jpg
282,13,13,282,The Old Man and the Key,6.5,http://static-media.fxx.com/img/FX_Networks_-_FXX/965/651/the_old_man_and_the_key.jpg
283,13,14,283,Tales from the Public Domain,7.3,http://static-media.fxx.com/img/FX_Networks_-_FXX/96/823/tales_from_public_domain.jpg
284,13,15,284,Blame It on Lisa,7.0,http://static-media.fxx.com/img/FX_Networks_-_FXX/971/507/blame_it_on_lisa.jpg
285,13,16,285,Weekend at Burnsie's,7.7,http://static-media.fxx.com/img/FX_Networks_-_FXX/131/483/weekend_at_burnsies.jpg
286,13,17,286,Gump Roast,5.6,http://static-media.fxx.com/img/FX_Networks_-_FXX/89/1023/gump_roast.jpg
287,13,18,287,I Am Furious (Yellow),7.7,http://static-media.fxx.com/img/FX_Networks_-_FXX/85/619/i_am_furious_yellow.jpg
288,13,19,288,The Sweetest Apu,6.9,http://static-media.fxx.com/img/FX_Networks_-_FXX/352/275/the_sweetest_apu.jpg
289,13,20,289,Little Girl in the Big Ten,7.2,http://static-media.fxx.com/img/FX_Networks_-_FXX/101/702/little_girl_in_the_big_ten.jpg
290,13,21,290,The Frying Game,7.1,http://static-media.fxx.com/img/FX_Networks_-_FXX/970/531/the_frying_game.jpg
291,13,22,291,Poppa's Got a Brand New Badge,8.0,http://static-media.fxx.com/img/FX_Networks_-_FXX/82/691/poppas_got_a_brand_new_badge.jpg
292,14,1,292,Treehouse of Horror XIII,7.6,http://static-media.fxx.com/img/FX_Networks_-_FXX/106/391/Simpsons_Treehouse_of_Horror_XIII.jpg
293,14,2,293,How I Spent My Strummer Vacation,7.3,http://static-media.fxx.com/img/FX_Networks_-_FXX/98/583/Simpsons_14_05.jpg
294,14,3,294,Bart vs. Lisa vs. the Third Grade,7.0,http://static-media.fxx.com/img/FX_Networks_-_FXX/150/335/Simpsons_Bart_vsLisa_vs3rd_Grade.jpg
295,14,4,295,Large Marge,7.1,http://static-media.fxx.com/img/FX_Networks_-_FXX/155/215/Simpsons_1404_HD_Clean_AUTH_movie_1280x720_223612995854.jpg
296,14,5,296,Helter Shelter,6.8,http://static-media.fxx.com/img/FX_Networks_-_FXX/189/399/Simpsons_1405_HD_Clean_AUTH_movie_1280x720_223620163549.jpg
297,14,6,297,The Great Louse Detective,7.3,http://static-media.fxx.com/img/FX_Networks_-_FXX/264/598/Simpsons_The_Great_Louse_Detective.jpg
298,14,7,298,Special Edna,7.1,http://static-media.fxx.com/img/FX_Networks_-_FXX/265/74/Simpsons_14_07.jpg
299,14,8,299,The Dad Who Knew Too Little,7.3,http://static-media.fxx.com/img/FX_Networks_-_FXX/326/110/Simpsons_14_08.jpg
300,14,9,300,The Strong Arms of the Ma,6.9,http://static-media.fxx.com/img/FX_Networks_-_FXX/327/87/Simpsons_The_Strong_Arms_of_The_Ma.jpg
301,14,10,301,Pray Anything,6.8,http://static-media.fxx.com/img/FX_Networks_-_FXX/321/231/Simpsons_Pray_Anything.jpg
302,14,11,302,Barting Over,6.6,http://static-media.fxx.com/img/FX_Networks_-_FXX/482/867/Simpsons_Barting_Over.jpg
303,14,12,303,I'm Spelling As Fast As I Can,7.3,http://static-media.fxx.com/img/FX_Networks_-_FXX/485/295/Simpsons_Im_Spelling_as_Fast_as_I_Can.jpg
304,14,13,304,A Star Is Born-Again,7.1,http://static-media.fxx.com/img/FX_Networks_-_FXX/481/891/Simpsons_A_Star_is_BornAgain.jpg
305,14,14,305,Mr. Spritz Goes to Washington,6.9,http://static-media.fxx.com/img/FX_Networks_-_FXX/486/271/Simpsons_14_14.jpg
306,14,15,306,C.E.D'oh,7.3,http://static-media.fxx.com/img/FX_Networks_-_FXX/482/867/Simpsons_14_15.jpg
307,14,16,307,'Scuse Me While I Miss the Sky,7.1,http://static-media.fxx.com/img/FX_Networks_-_FXX/487/247/Simpsons_Scuse_Me_While_I_Miss_The_Sky.jpg
308,14,17,308,Three Gays of the Condo,7.2,http://static-media.fxx.com/img/FX_Networks_-_FXX/485/795/Simpsons_Three_Gays_of_the_Condo.jpg
309,14,18,309,"Dude, Where's My Ranch?",7.0,http://static-media.fxx.com/img/FX_Networks_-_FXX/486/770/Simpsons_14_18.jpg
310,14,19,310,Old Yeller-Belly,6.8,http://static-media.fxx.com/img/FX_Networks_-_FXX/487/746/Simpsons_Old_YellerBelly.jpg
311,14,20,311,"Brake My Wife, Please",6.9,http://static-media.fxx.com/img/FX_Networks_-_FXX/971/99/Simpsons_Brake_My_Wife.jpg
312,14,21,312,The Bart of War,6.6,http://static-media.fxx.com/img/FX_Networks_-_FXX/977/955/Simpsons_The_Bart_of_War.jpg
313,14,22,313,Moe Baby Blues,7.7,http://static-media.fxx.com/img/FX_Networks_-_FXX/744/123/Simpsons_Moe_Baby_Blues.jpg
314,15,1,314,Treehouse of Horror XIV,7.4,http://static-media.fxx.com/img/FX_Networks_-_FXX/741/271/Treehouse_of_Horror_XIV.jpg
315,15,2,315,My Mother the Carjacker,7.3,http://static-media.fxx.com/img/FX_Networks_-_FXX/745/175/My_Mother_the_Carjacker.jpg
316,15,3,316,The President Wore Pearls,7.0,http://static-media.fxx.com/img/FX_Networks_-_FXX/752/1007/The_President_Wore_Pearls.jpg
317,15,4,317,The Regina Monologues,7.1,http://static-media.fxx.com/img/FX_Networks_-_FXX/753/983/The_Regina_Monologues.jpg
318,15,5,318,The Fat and the Furriest,7.2,http://static-media.fxx.com/img/FX_Networks_-_FXX/760/314/The_Fat_and_the_Furriest.jpg
319,15,6,319,Today I Am a Clown,6.6,http://static-media.fxx.com/img/FX_Networks_-_FXX/764/718/Today_I_am_a_Clown.jpg
320,15,7,320,'Tis the Fifteenth Season,7.2,http://static-media.fxx.com/img/FX_Networks_-_FXX/769/99/Simpsons_15_07.jpg
321,15,8,321,"Marge vs. Singles, Seniors, Childless Couples and Teens and Gays",6.7,http://static-media.fxx.com/img/FX_Networks_-_FXX/773/3/Marge_vs.jpg
322,15,9,322,"I, (Annoyed Grunt)-bot",7.3,http://static-media.fxx.com/img/FX_Networks_-_FXX/780/334/I_Annoyed_Grunt_Bot.jpg
323,15,10,323,Diatribe of a Mad Housewife,7.3,http://static-media.fxx.com/img/FX_Networks_-_FXX/782/287/Diatribe_of_a_Mad_Housewife.jpg
324,15,11,324,Margical History Tour,7.1,http://static-media.fxx.com/img/FX_Networks_-_FXX/790/94/Margical_History_Tour.jpg
325,15,12,325,Milhouse Doesn't Live Here Anymore,7.3,http://static-media.fxx.com/img/FX_Networks_-_FXX/794/999/Milhouse_Doesn't_Live_Here_Anymore.jpg
326,15,13,326,Smart & Smarter,7.1,http://static-media.fxx.com/img/FX_Networks_-_FXX/596/599/Simpsons_15_14.jpg
327,15,14,327,The Ziff Who Came to Dinner,6.9,http://static-media.fxx.com/img/FX_Networks_-_FXX/827/707/The_Ziff_Who_Came_to_Dinner.jpg
328,15,15,328,Co-Dependents' Day,6.9,http://static-media.fxx.com/img/FX_Networks_-_FXX/801/831/Co_Dependents_Day.jpg
329,15,16,329,The Wandering Juvie,6.9,http://static-media.fxx.com/img/FX_Networks_-_FXX/804/759/The_Wandering_Juvie.jpg
330,15,17,330,My Big Fat Geek Wedding,6.7,http://static-media.fxx.com/img/FX_Networks_-_FXX/824/778/My_Big_Fat_Geek_Wedding.jpg
331,15,18,331,Catch 'Em If You Can,7.0,http://static-media.fxx.com/img/FX_Networks_-_FXX/817/447/Simpsons_15_19.jpg
332,15,19,332,Simple Simpson,7.3,http://static-media.fxx.com/img/FX_Networks_-_FXX/733/463/Simple_Simpson.jpg
333,15,20,333,The Way We Weren't,7.3,http://static-media.fxx.com/img/FX_Networks_-_FXX/735/915/The_Way_We_Werent.jpg
334,15,21,334,Bart-Mangled Banner,6.2,http://static-media.fxx.com/img/FX_Networks_-_FXX/812/567/Bart_Mangled_Banner.jpg
335,15,22,335,Fraudcast News,7.2,http://static-media.fxx.com/img/FX_Networks_-_FXX/807/687/Fraudcast_News.jpg
336,16,1,336,Treehouse of Horror XV,7.4,http://static-media.fxx.com/img/FX_Networks_-_FXX/113/215/Treehouse_of_Horror_XV.jpg
337,16,2,337,All's Fair in Oven War,7.0,http://static-media.fxx.com/img/FX_Networks_-_FXX/136/587/Alls_Fair_in_Oven_War.jpg
338,16,3,338,Sleeping with the Enemy,7.1,http://static-media.fxx.com/img/FX_Networks_-_FXX/135/187/Sleeping_with_the_Enemy.jpg
339,16,4,339,She Used to Be My Girl,6.6,http://static-media.fxx.com/img/FX_Networks_-_FXX/124/450/She_Used_to_be_My_Girl.jpg
340,16,5,340,Fat Man and Little Boy,7.1,http://static-media.fxx.com/img/FX_Networks_-_FXX/129/831/Fat_Man_and_Little_Roy.jpg
341,16,6,341,Midnight Rx,7.3,http://static-media.fxx.com/img/FX_Networks_-_FXX/138/115/Simpsons_16_01.jpg
342,16,7,342,Mommie Beerest,7.0,http://static-media.fxx.com/img/FX_Networks_-_FXX/175/726/Mommie_Beerest.jpg
343,16,8,343,Homer and Ned's Hail Mary Pass,6.4,http://static-media.fxx.com/img/FX_Networks_-_FXX/181/583/Homer_and_Neds_Hail_Mary_Pass.jpg
344,16,9,344,Pranksta Rap,6.8,http://static-media.fxx.com/img/FX_Networks_-_FXX/166/943/Pranksta_Rap.jpg
345,16,10,345,There's Something About Marrying,7.1,http://static-media.fxx.com/img/FX_Networks_-_FXX/189/891/Theres_Something_About_Marrying.jpg
346,16,11,346,On a Clear Day I Can't See My Sister,6.9,http://static-media.fxx.com/img/FX_Networks_-_FXX/193/295/Simpsons_16_11.jpg
347,16,12,347,Goo Goo Gai Pan,7.0,http://static-media.fxx.com/img/FX_Networks_-_FXX/279/698/Simpsons_16_12.jpg
348,16,13,348,Mobile Homer,7.0,http://static-media.fxx.com/img/FX_Networks_-_FXX/279/699/Mobile_Homer.jpg
349,16,14,349,The Seven-Beer Snitch,6.9,http://static-media.fxx.com/img/FX_Networks_-_FXX/953/827/The_Seven_Beer_Snitch.jpg
350,16,15,350,Future-Drama,7.3,http://static-media.fxx.com/img/FX_Networks_-_FXX/950/399/Future_Drama.jpg
351,16,16,351,Don't Fear the Roofer,7.4,http://static-media.fxx.com/img/FX_Networks_-_FXX/945/19/Dont_Fear_the_Roofer.jpg
352,16,17,352,The Heartbroke Kid,7.2,http://static-media.fxx.com/img/FX_Networks_-_FXX/64/859/The_Heartbroke_Kid.jpg
353,16,18,353,A Star Is Torn,6.8,http://static-media.fxx.com/img/FX_Networks_-_FXX/69/239/A_Star_is_Torn.jpg
354,16,19,354,Thank God It's Doomsday,7.3,http://static-media.fxx.com/img/FX_Networks_-_FXX/74/119/Thank_God_Its_Doomsday.jpg
355,16,20,355,Home Away from Homer,7.1,http://static-media.fxx.com/img/FX_Networks_-_FXX/401/771/Simpsons_16_21.jpg
356,16,21,356,"The Father, the Son, and the Holy Guest Star",7.2,http://static-media.fxx.com/img/FX_Networks_-_FXX/301/171/The_Father_the_Son_and_the_Holy_Guest_Star.jpg
357,17,1,357,The Bonfire of the Manatees,6.3,http://static-media.fxx.com/img/FX_Networks_-_FXX/737/99/bonfire_manatees.jpg
358,17,2,358,The Girl Who Slept Too Little,6.9,http://static-media.fxx.com/img/FX_Networks_-_FXX/73/231/the_girl_slept.jpg
359,17,3,359,Milhouse of Sand and Fog,7.0,http://static-media.fxx.com/img/FX_Networks_-_FXX/741/3/milhouse_sand_fog.jpg
360,17,4,360,Treehouse of Horror XVI,7.3,http://static-media.fxx.com/img/FX_Networks_-_FXX/149/51/treehouse_horror.jpg
361,17,5,361,Marge's Son Poisoning,6.9,http://static-media.fxx.com/img/FX_Networks_-_FXX/566/747/marges_son_poison.jpg
362,17,6,362,See Homer Run,6.9,http://static-media.fxx.com/img/FX_Networks_-_FXX/746/382/See_homer_run.jpg
363,17,7,363,The Last of the Red Hat Mamas,6.7,http://static-media.fxx.com/img/FX_Networks_-_FXX/570/651/the_last_of_red_hat.jpg
364,17,8,364,The Italian Bob,7.0,http://static-media.fxx.com/img/FX_Networks_-_FXX/224/550/Simpsons_17_09.jpg
365,17,9,365,Simpsons Christmas Stories,6.9,http://static-media.fxx.com/img/FX_Networks_-_FXX/249/951/simpsons_christmas.jpg
366,17,10,366,Homer's Paternity Coot,6.7,http://static-media.fxx.com/img/FX_Networks_-_FXX/576/7/homers_paternity_coot.jpg
367,17,11,367,We're on the Road to D'ohwhere,7.0,http://static-media.fxx.com/img/FX_Networks_-_FXX/165/167/were_on_the_road.jpg
368,17,12,368,My Fair Laddy,6.4,http://static-media.fxx.com/img/FX_Networks_-_FXX/78/982/Simpsons_17_12.jpg
369,17,13,369,The Seemingly Never-Ending Story,7.4,http://static-media.fxx.com/img/FX_Networks_-_FXX/79/87/the_seemingly_never_ending.jpg
370,17,14,370,Bart Has Two Mommies,7.0,http://static-media.fxx.com/img/FX_Networks_-_FXX/84/966/bart_has_two_mommies.jpg
371,17,15,371,"Homer Simpson, This Is Your Wife",6.5,http://static-media.fxx.com/img/FX_Networks_-_FXX/90/322/homer_simpsons_this_is_your_wife.jpg
372,17,16,372,Million-Dollar Abie,6.6,http://static-media.fxx.com/img/FX_Networks_-_FXX/851/995/million_dollar_abie.jpg
373,17,17,373,"Kiss Kiss, Bang Bangalore",7.2,http://static-media.fxx.com/img/FX_Networks_-_FXX/276/903/kiss_kiss_bang_bangalore.jpg
374,17,18,374,The Wettest Stories Ever Told,6.7,http://static-media.fxx.com/img/FX_Networks_-_FXX/171/23/the_wettest_stories_ever_told.jpg
375,17,19,375,Girls Just Want to Have Sums,7.2,http://static-media.fxx.com/img/FX_Networks_-_FXX/537/823/girls_just_want_to_have_sums.jpg
376,17,20,376,Regarding Margie,6.7,http://static-media.fxx.com/img/FX_Networks_-_FXX/96/178/regardgin_marge.jpg
377,17,21,377,The Monkey Suit,7.1,http://static-media.fxx.com/img/FX_Networks_-_FXX/98/131/the_monkey_suit.jpg
378,17,22,378,Marge and Homer Turn a Couple Play,6.6,http://static-media.fxx.com/img/FX_Networks_-_FXX/856/874/Simpsons_17_22.jpg
379,18,1,379,"The Mook, the Chef, the Wife and Her Homer",7.5,http://static-media.fxx.com/img/FX_Networks_-_FXX/860/778/the_mook_the_chef.jpg
380,18,2,380,Jazzy and the Pussycats,6.7,http://static-media.fxx.com/img/FX_Networks_-_FXX/771/599/jazzy_and_the_pussycats.jpg
381,18,3,381,"Please Homer, Don't Hammer 'Em",6.8,http://static-media.fxx.com/img/FX_Networks_-_FXX/280/307/please_homer_dont_hammer.jpg
382,18,4,382,Treehouse of Horror XVII,7.1,http://static-media.fxx.com/img/FX_Networks_-_FXX/73/407/treehouse_horror.jpg
383,18,5,383,G.I. (Annoyed Grunt),6.9,http://static-media.fxx.com/img/FX_Networks_-_FXX/655/383/G.I..jpg
384,18,6,384,Moe'N'a Lisa,6.8,http://static-media.fxx.com/img/FX_Networks_-_FXX/74/579/Simpsons_18_04.jpg
385,18,7,385,Ice Cream of Margie (with the Light Blue Hair),7.0,http://static-media.fxx.com/img/FX_Networks_-_FXX/843/686/ice_cream_of_margie.jpg
386,18,8,386,The Haw-Hawed Couple,7.2,http://static-media.fxx.com/img/FX_Networks_-_FXX/584/815/the_haw_hawed.jpg
387,18,9,387,"Kill Gil, Volumes I & II",6.4,http://static-media.fxx.com/img/FX_Networks_-_FXX/593/99/kill_gil.jpg
388,18,10,388,The Wife Aquatic,6.6,http://static-media.fxx.com/img/FX_Networks_-_FXX/284/210/the_wife_aquatic.jpg
389,18,11,389,Revenge Is a Dish Best Served Three Times,7.0,http://static-media.fxx.com/img/FX_Networks_-_FXX/309/111/revenge_is_a_dish_best.jpg
390,18,12,390,Little Big Girl,7.0,http://static-media.fxx.com/img/FX_Networks_-_FXX/145/147/Simpsons_18_11_Little_Big_Girl.jpg
391,18,13,391,Springfield Up,7.3,http://static-media.fxx.com/img/FX_Networks_-_FXX/78/786/Simpsons_18_14.jpg
392,18,14,392,Yokel Chords,7.1,http://static-media.fxx.com/img/FX_Networks_-_FXX/82/386/Simpsons_18_16_Yokel_Cords.jpg
393,18,15,393,Rome-Old and Juli-Eh,6.3,http://static-media.fxx.com/img/FX_Networks_-_FXX/70/479/rome_oh_and_julie_eh.jpg
394,18,16,394,Homerazzi,7.2,http://static-media.fxx.com/img/FX_Networks_-_FXX/863/707/homerazzi.jpg
395,18,17,395,Marge Gamer,7.3,http://static-media.fxx.com/img/FX_Networks_-_FXX/11/219/Simpsons_18_17_Marge_Gamer_1280x720_335181891611.jpg
396,18,18,396,The Boys of Bummer,6.3,http://static-media.fxx.com/img/FX_Networks_-_FXX/597/1003/the_boys_of_bummer.jpg
397,18,19,397,Crook and Ladder,7.1,http://static-media.fxx.com/img/FX_Networks_-_FXX/172/499/crook_and_ladder.jpg
398,18,20,398,Stop! Or My Dog Will Shoot,7.0,http://static-media.fxx.com/img/FX_Networks_-_FXX/68/527/stop_or_my_dog_will_shoot.jpg
399,18,21,399,24 Minutes,8.1,http://static-media.fxx.com/img/FX_Networks_-_FXX/865/158/Simpsons_18_21_24_minutes_1280x720_335187523533.jpg
400,18,22,400,You Kent Always Say What You Want,7.3,http://static-media.fxx.com/img/FX_Networks_-_FXX/62/671/you_kent_always_say.jpg
401,19,1,401,He Loves to Fly and He D'ohs,6.7,http://static-media.fxx.com/img/FX_Networks_-_FXX/845/639/he_loves_to_fly_and_he_dohs.jpg
402,19,2,402,The Homer of Seville,6.7,http://static-media.fxx.com/img/FX_Networks_-_FXX/584/299/the_homner_of_seville.jpg
403,19,3,403,Midnight Towboy,7.2,http://static-media.fxx.com/img/FX_Networks_-_FXX/869/63/midnight_towboy.jpg
404,19,4,404,I Don't Wanna Know Why the Caged Bird Sings,6.9,http://static-media.fxx.com/img/FX_Networks_-_FXX/138/815/i_dont_wana_know_why_cage.jpg
405,19,5,405,Treehouse of Horror XVIII,7.1,http://static-media.fxx.com/img/FX_Networks_-_FXX/55/339/treehouse.jpg
406,19,6,406,Little Orphan Millie,6.7,http://static-media.fxx.com/img/FX_Networks_-_FXX/58/767/little_orphan_millie.jpg
407,19,7,407,Husbands and Knives,7.1,http://static-media.fxx.com/img/FX_Networks_-_FXX/542/258/husbands_and_knives.jpg
408,19,8,408,Funeral for a Fiend,7.1,http://static-media.fxx.com/img/FX_Networks_-_FXX/141/743/funeral_for_a_fiend.jpg
409,19,9,409,Eternal Moonshine of the Simpson Mind,8.2,http://static-media.fxx.com/img/FX_Networks_-_FXX/50/959/eternal_moonshine_of_simpsons_mind.jpg
410,19,10,410,E Pluribus Wiggum,6.9,http://static-media.fxx.com/img/FX_Networks_-_FXX/85/814/E_pluribis_wiggum.jpg
411,19,11,411,That '90s Show,6.3,http://static-media.fxx.com/img/FX_Networks_-_FXX/87/799/that_90s_show.jpg
412,19,12,412,"Love, Springfieldian Style",6.6,http://static-media.fxx.com/img/FX_Networks_-_FXX/153/455/love_springfield_style.jpg
413,19,13,413,The Debarted,7.7,http://static-media.fxx.com/img/FX_Networks_-_FXX/52/911/the_debarted.jpg
414,19,14,414,Dial 'N' for Nerder,7.3,http://static-media.fxx.com/img/FX_Networks_-_FXX/52/411/dial_N_for_nuerder.jpg
415,19,15,415,Smoke on the Daughter,6.7,http://static-media.fxx.com/img/FX_Networks_-_FXX/159/310/smoke_on_the_daughter.jpg
416,19,16,416,Papa Don't Leech,6.1,http://static-media.fxx.com/img/FX_Networks_-_FXX/287/639/papa_dont_leach.jpg
417,19,17,417,Apocalypse Cow,6.9,http://static-media.fxx.com/img/FX_Networks_-_FXX/50/959/apocalypse_cow.jpg
418,19,18,418,Any Given Sundance,7.0,http://static-media.fxx.com/img/FX_Networks_-_FXX/289/91/any_given_sundance.jpg
419,19,19,419,Mona Leaves-a,7.1,http://static-media.fxx.com/img/FX_Networks_-_FXX/92/678/Simpsons_19_19.jpg
420,19,20,420,All About Lisa,6.4,http://static-media.fxx.com/img/FX_Networks_-_FXX/544/211/all_about_lisa.jpg
421,20,1,421,"Sex, Pies and Idiot Scrapes",7.2,http://static-media.fxx.com/img/FX_Networks_-_FXX/741/843/sex_pies.jpg
422,20,2,422,Lost Verizon,6.9,http://static-media.fxx.com/img/FX_Networks_-_FXX/563/71/lost_verizon.jpg
423,20,3,423,"Double, Double, Boy in Trouble",7.0,http://static-media.fxx.com/img/FX_Networks_-_FXX/565/23/double_double.jpg
424,20,4,424,Treehouse of Horror XIX,7.1,http://static-media.fxx.com/img/FX_Networks_-_FXX/387/859/treehouse.jpg
425,20,5,425,Dangerous Curves,6.6,http://static-media.fxx.com/img/FX_Networks_-_FXX/277/902/dangerous_curves.jpg
426,20,6,426,Homer and Lisa Exchange Cross Words,7.1,http://static-media.fxx.com/img/FX_Networks_-_FXX/220/846/homer_and_lisa_exchange.jpg
427,20,7,427,MyPods and Boomsticks,7.1,http://static-media.fxx.com/img/FX_Networks_-_FXX/179/831/mypods_and_broomstick.jpg
428,20,8,428,The Burns and the Bees,6.6,http://static-media.fxx.com/img/FX_Networks_-_FXX/186/663/the_burns_and_the_bees.jpg
429,20,9,429,Lisa the Drama Queen,5.9,http://static-media.fxx.com/img/FX_Networks_-_FXX/847/91/lisa_the_drama_queen.jpg
430,20,10,430,"Take My Life, Please",7.0,http://static-media.fxx.com/img/FX_Networks_-_FXX/952/439/Simpsons_20_10.jpg
431,20,11,431,How the Test Was Won,7.0,http://static-media.fxx.com/img/FX_Networks_-_FXX/105/463/how_the_test_was_won.jpg
432,20,12,432,"No Loan Again, Naturally",7.0,http://static-media.fxx.com/img/FX_Networks_-_FXX/286/423/no_loan_again_naturally.jpg
433,20,13,433,Gone Maggie Gone,7.2,http://static-media.fxx.com/img/FX_Networks_-_FXX/286/923/gone_maggie_gone.jpg
434,20,14,434,In the Name of the Grandfather,6.3,http://static-media.fxx.com/img/FX_Networks_-_FXX/724/979/in_the_name_of_grandfather.jpg
435,20,15,435,Wedding for Disaster,6.8,http://static-media.fxx.com/img/FX_Networks_-_FXX/281/543/wedding_for_disaster.jpg
436,20,16,436,Eeny Teeny Maya Moe,7.2,http://static-media.fxx.com/img/FX_Networks_-_FXX/321/83/eeny_teenie_maya_moe.jpg
437,20,17,437,"The Good, the Sad and the Drugly",7.2,http://static-media.fxx.com/img/FX_Networks_-_FXX/312/799/the_good_sad_and_drugly.jpg
438,20,18,438,Father Knows Worst,7.0,http://static-media.fxx.com/img/FX_Networks_-_FXX/325/487/father_knows_worst.jpg
439,20,19,439,"Waverly Hills, 9-0-2-1-D'oh",7.1,http://static-media.fxx.com/img/FX_Networks_-_FXX/151/763/waverly_hills.jpg
440,20,20,440,Four Great Women and a Manicure,6.3,http://static-media.fxx.com/img/FX_Networks_-_FXX/956/343/four_great_women_and_manicure.jpg
441,20,21,441,Coming to Homerica,7.2,http://static-media.fxx.com/img/FX_Networks_-_FXX/743/155/coming_to_homerica.jpg
442,21,1,442,Homer the Whopper,7.1,http://static-media.fxx.com/img/FX_Networks_-_FXX/111/719/Simpsons_21_01.jpg
443,21,2,443,Bart Gets a 'Z',6.6,http://static-media.fxx.com/img/FX_Networks_-_FXX/197/399/Bart_Gets_a_Z.jpg
444,21,3,444,The Great Wife Hope,6.3,http://static-media.fxx.com/img/FX_Networks_-_FXX/113/671/The_Great_Wife_Hope.jpg
445,21,4,445,Treehouse of Horror XX,7.3,http://static-media.fxx.com/img/FX_Networks_-_FXX/612/359/Treehouse_of_Horror_XX.jpg
446,21,5,446,The Devil Wears Nada,6.7,http://static-media.fxx.com/img/FX_Networks_-_FXX/117/575/Simpsons_21_05.jpg
447,21,6,447,Pranks and Greens,6.7,
448,21,7,448,Rednecks and Broomsticks,6.8,http://static-media.fxx.com/img/FX_Networks_-_FXX/120/503/Simpsons_21_07.jpg
449,21,8,449,"O Brother, Where Bart Thou?",7.2,http://static-media.fxx.com/img/FX_Networks_-_FXX/124/407/O_Brother_Where_Bart_Thou.jpg
450,21,9,450,Thursdays with Abie,6.8,http://static-media.fxx.com/img/FX_Networks_-_FXX/180/63/Thursdays_with_Abie.jpg
451,21,10,451,Once Upon a Time in Springfield,6.7,http://static-media.fxx.com/img/FX_Networks_-_FXX/189/347/Once_Upon_a_Time_in_Springfield.jpg
452,21,11,452,Million Dollar Maybe,7.1,http://static-media.fxx.com/img/FX_Networks_-_FXX/603/859/Simpsons_21_11.jpg
453,21,12,453,Boy Meets Curl,6.8,http://static-media.fxx.com/img/FX_Networks_-_FXX/195/203/Boy_Meets_Curl.jpg
454,21,13,454,The Color Yellow,6.6,http://static-media.fxx.com/img/FX_Networks_-_FXX/595/799/The_Color_Yellow.jpg
455,21,14,455,Postcards from the Wedge,7.1,http://static-media.fxx.com/img/FX_Networks_-_FXX/200/83/Postcards_from_the_Wedge.jpg
456,21,15,456,Stealing First Base,7.0,http://static-media.fxx.com/img/FX_Networks_-_FXX/206/439/Simpsons_21_15.jpg
457,21,16,457,The Greatest Story Ever D'ohed,5.7,http://static-media.fxx.com/img/FX_Networks_-_FXX/607/763/The_Greatest_Story_Ever_D_Ohed.jpg
458,21,17,458,American History X-cellent,6.7,http://static-media.fxx.com/img/FX_Networks_-_FXX/312/895/American_History_X-Cellent.jpg
459,21,18,459,Chief of Hearts,6.9,http://static-media.fxx.com/img/FX_Networks_-_FXX/319/227/Chief_of_Hearts.jpg
460,21,19,460,The Squirt and the Whale,6.9,http://static-media.fxx.com/img/FX_Networks_-_FXX/323/131/The_Squirt_and_the_Whale.jpg
461,21,20,461,To Surveil with Love,7.2,http://static-media.fxx.com/img/FX_Networks_-_FXX/326/559/Simpsons_21_20.jpg
462,21,21,462,Moe Letter Blues,6.9,http://static-media.fxx.com/img/FX_Networks_-_FXX/392/474/Simpsons_21_21.jpg
463,21,22,463,The Bob Next Door,7.2,http://static-media.fxx.com/img/FX_Networks_-_FXX/334/867/The_Bob_Next_Door.jpg
464,21,23,464,Judge Me Tender,6.6,http://static-media.fxx.com/img/FX_Networks_-_FXX/571/375/Simpsons_21_23.jpg
465,22,1,465,Elementary School Musical,6.3,http://static-media.fxx.com/img/FX_Networks_-_FXX/433/79/ElementarySchoolMusical.jpg
466,22,2,466,Loan-a Lisa,6.8,http://static-media.fxx.com/img/FX_Networks_-_FXX/438/959/Simpsons_22_02.jpg
467,22,3,467,MoneyBart,6.8,http://static-media.fxx.com/img/FX_Networks_-_FXX/444/315/Simpsons_22_03.jpg
468,22,4,468,Treehouse of Horror XXI,7.1,http://static-media.fxx.com/img/FX_Networks_-_FXX/487/783/Treehouse_of_Horror.jpg
469,22,5,469,"Lisa Simpson, This Isn't Your Life",7.2,http://static-media.fxx.com/img/FX_Networks_-_FXX/452/622/Simpsons_22_05.jpg
470,22,6,470,The Fool Monty,6.5,http://static-media.fxx.com/img/FX_Networks_-_FXX/456/526/TheFoolMonty.jpg
471,22,7,471,How Munched is That Birdie in the Window?,6.4,http://static-media.fxx.com/img/FX_Networks_-_FXX/457/1003/HowMunchedisthatBirdie.jpg
472,22,8,472,The Fight Before Christmas,6.9,http://static-media.fxx.com/img/FX_Networks_-_FXX/462/883/TheFightBeforeChristmas.jpg
473,22,9,473,Donnie Fatso,7.0,http://static-media.fxx.com/img/FX_Networks_-_FXX/482/903/DonnieFatso.jpg
474,22,10,474,Moms I'd Like to Forget,6.3,http://static-media.fxx.com/img/FX_Networks_-_FXX/214/790/Simpsons_22_10.jpg
475,22,11,475,Flaming Moe,6.9,http://static-media.fxx.com/img/FX_Networks_-_FXX/490/210/Simpsons_22_11.jpg
476,22,12,476,Homer the Father,7.0,http://static-media.fxx.com/img/FX_Networks_-_FXX/217/719/Simpsons_22_12.jpg
477,22,13,477,The Blue and the Gray,6.9,http://static-media.fxx.com/img/FX_Networks_-_FXX/318/447/Simpsons_22_13.jpg
478,22,14,478,Angry Dad: The Movie,7.2,http://static-media.fxx.com/img/FX_Networks_-_FXX/322/851/Simpsons_22_14.jpg
479,22,15,479,The Scorpion's Tale,6.7,http://static-media.fxx.com/img/FX_Networks_-_FXX/326/255/Simpsons_22_15.jpg
480,22,16,480,A Midsummer's Nice Dream,6.1,http://static-media.fxx.com/img/FX_Networks_-_FXX/330/159/Simpsons_22_16.jpg
481,22,17,481,Love Is a Many Strangled Thing,6.5,http://static-media.fxx.com/img/FX_Networks_-_FXX/338/466/Simpsons_22_17.jpg
482,22,18,482,The Great Simpsina,7.0,http://static-media.fxx.com/img/FX_Networks_-_FXX/372/651/Simpsons_22_18.jpg
483,22,19,483,The Real Housewives of Fat Tony,6.6,http://static-media.fxx.com/img/FX_Networks_-_FXX/376/55/Simpsons_22_19.jpg
484,22,20,484,Homer Scissorhands,7.2,http://static-media.fxx.com/img/FX_Networks_-_FXX/381/935/Simpsons_22_20.jpg
485,22,21,485,500 Keys,7.3,http://static-media.fxx.com/img/FX_Networks_-_FXX/386/315/Simpsons_22_21.jpg
486,22,22,486,The Ned-Liest Catch,7.0,http://static-media.fxx.com/img/FX_Networks_-_FXX/596/775/Simpsons_22_22.jpg
487,23,1,487,The Falcon and the D'ohman,7.2,http://static-media.fxx.com/img/FX_Networks_-_FXX/751/263/TheFalconandtheDohman.jpg
488,23,2,488,Bart Stops to Smell the Roosevelts,7.0,http://static-media.fxx.com/img/FX_Networks_-_FXX/752/739/BartStopstoSmelltheRoose.jpg
489,23,3,489,Treehouse of Horror XXII,6.6,http://static-media.fxx.com/img/FX_Networks_-_FXX/680/507/reehouseofHorrorXXII.jpg
490,23,4,490,Replaceable You,6.7,http://static-media.fxx.com/img/FX_Networks_-_FXX/960/747/ReplaceableYou.jpg
491,23,5,491,The Food Wife,7.2,http://static-media.fxx.com/img/FX_Networks_-_FXX/184/682/TheFoodWife.jpg
492,23,6,492,The Book Job,7.8,http://static-media.fxx.com/img/FX_Networks_-_FXX/400/295/TheBookJob.jpg
493,23,7,493,The Man in the Blue Flannel Pants,6.8,http://static-media.fxx.com/img/FX_Networks_-_FXX/182/731/TheManintheBlueFlannel.jpg
494,23,8,494,The Ten-Per-Cent Solution,6.2,http://static-media.fxx.com/img/FX_Networks_-_FXX/702/479/TheTenPerCentSolution.jpg
495,23,9,495,Holidays of Future Passed,8.2,http://static-media.fxx.com/img/FX_Networks_-_FXX/702/979/HolidaysofFuturePassed.jpg
496,23,10,496,"Politically Inept, with Homer Simpson",6.1,http://static-media.fxx.com/img/FX_Networks_-_FXX/733/735/Simpsons_23_10.jpg
497,23,11,497,The D'oh-cial Network,7.0,http://static-media.fxx.com/img/FX_Networks_-_FXX/736/663/Simpsons_23_11.jpg
498,23,12,498,Moe Goes from Rags to Riches,5.7,http://static-media.fxx.com/img/FX_Networks_-_FXX/738/115/Simpsons_23_12.jpg
499,23,13,499,The Daughter Also Rises,6.5,http://static-media.fxx.com/img/FX_Networks_-_FXX/746/423/TheDaughterAlsoRises.jpg
500,23,14,500,At Long Last Leave,7.0,http://static-media.fxx.com/img/FX_Networks_-_FXX/726/903/Simpsons_23_14_1280x720_279065667661.jpg
501,23,15,501,Exit Through the Kwik-E-Mart,6.9,http://static-media.fxx.com/img/FX_Networks_-_FXX/572/355/Exit%20through.jpg
502,23,16,502,How I Wet Your Mother,7.3,http://static-media.fxx.com/img/FX_Networks_-_FXX/779/630/HowIWetYourMother.jpg
503,23,17,503,"Them, Robot",7.1,http://static-media.fxx.com/img/FX_Networks_-_FXX/774/751/ThemRobot.jpg
504,23,18,504,Beware My Cheating Bart,7.1,http://static-media.fxx.com/img/FX_Networks_-_FXX/838/515/Beware_my_cheating.jpg
505,23,19,505,A Totally Fun Thing That Bart Will Never Do Again,7.4,http://static-media.fxx.com/img/FX_Networks_-_FXX/756/143/ATotallyFunThingThatBartWill.jpg
506,23,20,506,The Spy Who Learned Me,6.9,http://static-media.fxx.com/img/FX_Networks_-_FXX/771/823/TheSpyWhoLearnedMe.jpg
507,23,21,507,Ned 'n Edna's Blend,6.7,http://static-media.fxx.com/img/FX_Networks_-_FXX/70/302/NednEdnasBlend.jpg
508,23,22,508,Lisa Goes Gaga,4.5,http://static-media.fxx.com/img/FX_Networks_-_FXX/180/779/LisaGoesGaga.jpg
509,24,1,509,Moonshine River,6.4,http://static-media.fxx.com/img/FX_Networks_-_FXX/478/963/Moonshine_River.jpg
510,24,2,510,Treehouse of Horror XXIII,7.3,http://static-media.fxx.com/img/FX_Networks_-_FXX/482/367/Simpsons_24_02.jpg
511,24,3,511,Adventures in Baby-Getting,6.9,http://static-media.fxx.com/img/FX_Networks_-_FXX/476/11/Adventures_in_Baby_Getting.jpg
512,24,4,512,Gone Abie Gone,6.7,http://static-media.fxx.com/img/FX_Networks_-_FXX/476/11/Gone_Abie_Gone.jpg
513,24,5,513,Penny-Wiseguys,6.3,http://static-media.fxx.com/img/FX_Networks_-_FXX/481/391/Penny_Wiseguys.jpg
514,24,6,514,A Tree Grows in Springfield,6.5,http://static-media.fxx.com/img/FX_Networks_-_FXX/979/907/A_Tree_Grows_in_Springfield.jpg
515,24,7,515,The Day the Earth Stood Cool,7.2,http://static-media.fxx.com/img/FX_Networks_-_FXX/105/839/The_Day_the_Earth_Stood_Cool.jpg
516,24,8,516,To Cur with Love,7.2,http://static-media.fxx.com/img/FX_Networks_-_FXX/217/651/To_Cur_with_Love.jpg
517,24,9,517,Homer Goes to Prep School,6.9,http://static-media.fxx.com/img/FX_Networks_-_FXX/113/647/Homer_Goes_to_Prep_School.jpg
518,24,10,518,A Test Before Trying,7.0,http://static-media.fxx.com/img/FX_Networks_-_FXX/119/3/A_Test_Before_Trying.jpg
519,24,11,519,The Changing of the Guardian,6.6,http://static-media.fxx.com/img/FX_Networks_-_FXX/1011/663/The_Changing_of_the_Guardian.jpg
520,24,12,520,Love is a Many-Splintered Thing,6.5,http://static-media.fxx.com/img/FX_Networks_-_FXX/1009/710/Love_is_a_Many_Splintered_Thing.jpg
521,24,13,521,Hardly Kirk-ing,7.0,http://static-media.fxx.com/img/FX_Networks_-_FXX/1014/91/Hardly_Kirking.jpg
522,24,14,522,Gorgeous Grampa,6.2,http://static-media.fxx.com/img/FX_Networks_-_FXX/1014/591/Gorgeous_Grampa.jpg
523,24,15,523,"Black Eyed, Please",7.0,http://static-media.fxx.com/img/FX_Networks_-_FXX/1017/18/Black_Eyed_Please.jpg
524,24,16,524,Dark Knight Court,7.1,http://static-media.fxx.com/img/FX_Networks_-_FXX/16/467/Dark_Knight_Court.jpg
525,24,17,525,What Animated Women Want,6.5,http://static-media.fxx.com/img/FX_Networks_-_FXX/26/226/What_Animated_Women_Want.jpg
526,24,18,526,Pulpit Friction,6.5,http://static-media.fxx.com/img/FX_Networks_-_FXX/30/131/Pulpit_Friction.jpg
527,24,19,527,Whiskey Business,6.8,http://static-media.fxx.com/img/FX_Networks_-_FXX/38/439/Whiskey_Business__009804.jpg
528,24,20,528,The Fabulous Faker Boy,6.3,http://static-media.fxx.com/img/FX_Networks_-_FXX/60/411/The_Fabulous_Faker_Boy.jpg
529,24,21,529,The Saga of Carl,7.2,http://static-media.fxx.com/img/FX_Networks_-_FXX/54/54/The_Saga_of_Carl.jpg
530,24,22,530,Dangers on a Train,7.0,http://static-media.fxx.com/img/FX_Networks_-_FXX/67/743/Dangers_on_a_Train.jpg
531,25,1,531,Homerland,7.0,http://static-media.fxx.com/img/FX_Networks_-_FXX/98/3/homer_land.jpg
532,25,2,532,Treehouse of Horror XXIV,7.1,http://static-media.fxx.com/img/FX_Networks_-_FXX/975/803/Simpsons_25_01.jpg
533,25,3,533,Four Regrettings and a Funeral,6.5,http://static-media.fxx.com/img/FX_Networks_-_FXX/290/90/Four_regrettings_and.jpg
534,25,4,534,YOLO,6.7,http://static-media.fxx.com/img/FX_Networks_-_FXX/577/235/YOLO.jpg
535,25,5,535,Labor Pains,7.1,http://static-media.fxx.com/img/FX_Networks_-_FXX/757/958/Labor_Pains.jpg
536,25,6,536,The Kid Is All Right,6.5,http://static-media.fxx.com/img/FX_Networks_-_FXX/203/755/The_Kid_is_all_right.jpg
537,25,7,537,Yellow Subterfuge,7.0,http://static-media.fxx.com/img/FX_Networks_-_FXX/580/663/Simpsons_25_10.jpg
538,25,8,538,White Christmas Blues,6.5,http://static-media.fxx.com/img/FX_Networks_-_FXX/104/859/White%20Christmas%20Blues.jpg
539,25,9,539,Steal This Episode,7.6,http://static-media.fxx.com/img/FX_Networks_-_FXX/203/255/Steal_this_Episode.jpg
540,25,10,540,Married to the Blob,7.1,http://static-media.fxx.com/img/FX_Networks_-_FXX/220/347/married_to_the_blob.jpg
541,25,11,541,Specs and the City,7.2,http://static-media.fxx.com/img/FX_Networks_-_FXX/109/739/Specs_and_the_city.jpg
542,25,12,542,Diggs,6.4,http://static-media.fxx.com/img/FX_Networks_-_FXX/208/635/Diggs.jpg
543,25,13,543,The Man Who Grew Too Much,6.7,http://static-media.fxx.com/img/FX_Networks_-_FXX/112/667/Simpsons_25_13.jpg
544,25,14,544,The Winter of His Content,6.6,http://static-media.fxx.com/img/FX_Networks_-_FXX/114/619/Simpsons_25_15.jpg
545,25,15,545,The War of Art,7.0,http://static-media.fxx.com/img/FX_Networks_-_FXX/770/147/Simpsons_25_16.jpg
546,25,16,546,You Don't Have to Live Like a Referee,6.9,http://static-media.fxx.com/img/FX_Networks_-_FXX/592/875/you_dont_have_to_live.jpg
547,25,17,547,Luca$,6.5,http://static-media.fxx.com/img/FX_Networks_-_FXX/603/610/Simpsons_25_18.jpg
548,25,18,548,Days of Future Future,7.0,http://static-media.fxx.com/img/FX_Networks_-_FXX/973/851/days_of_future_future.jpg
549,25,19,549,What to Expect When Bart's Expecting,5.8,http://static-media.fxx.com/img/FX_Networks_-_FXX/119/499/what_to_expect_when_barts.jpg
550,25,20,550,Brick Like Me,7.7,http://static-media.fxx.com/img/FX_Networks_-_FXX/889/791/brick_like_me.jpg
551,25,21,551,Pay Pal,6.7,http://static-media.fxx.com/img/FX_Networks_-_FXX/605/563/pay_pal.jpg
552,25,22,552,The Yellow Badge of Cowardge,6.7,http://static-media.fxx.com/img/FX_Networks_-_FXX/124/379/the_yellow_badge_of_cowardge.jpg
553,26,1,553,Clown in the Dumps,5.8,http://static-media.fxx.com/img/FX_Networks_-_FXX/942/347/Simpsons_26_01.jpg
554,26,2,554,The Wreck of the Relationship,6.9,http://static-media.fxx.com/img/FX_Networks_-_FXX/947/391/Simpsons_26_02.jpg
555,26,3,555,Super Franchise Me,6.5,http://static-media.fxx.com/img/FX_Networks_-_FXX/154/303/Simpsons_26_03.jpg
556,26,4,556,Treehouse of Horror XXV,7.3,http://static-media.fxx.com/img/FX_Networks_-_FXX/628/699/TheSimpsons_SABF21_2500_1280x720_344252483550.jpg
557,26,5,557,Opposites A-Frack,6.3,http://static-media.fxx.com/img/FX_Networks_-_FXX/309/823/TheSimpsons_SABF22_2500_1280x720_351438403698.jpg
558,26,6,558,Simpsorama,7.9,http://static-media.fxx.com/img/FX_Networks_-_FXX/177/186/Simpsons_26_06.jpg
559,26,7,559,Blazed and Confused,6.9,http://static-media.fxx.com/img/FX_Networks_-_FXX/571/1003/Simpsons_26_07.jpg
560,26,8,560,Covercraft,6.5,http://static-media.fxx.com/img/FX_Networks_-_FXX/371/575/TheSimpsons_TABF02_2500_1280x720_362237507766.jpg
561,26,9,561,I Won't Be Home for Christmas,6.8,http://static-media.fxx.com/img/FX_Networks_-_FXX/947/871/TheSimpsons_TABF03_2500_1280x720_368211523850.jpg
562,26,10,562,The Man Who Came to Be Dinner,6.8,http://static-media.fxx.com/img/FX_Networks_-_FXX/752/215/TheSimpsons_RABF15_2500_1280x720_379818051609.jpg
563,26,11,563,Bart's New Friend,7.3,http://static-media.fxx.com/img/FX_Networks_-_FXX/716/351/TheSimpsons_TABF05_2500_1280x720_383000643563.jpg
564,26,12,564,The Musk Who Fell to Earth,5.8,http://static-media.fxx.com/img/FX_Networks_-_FXX/76/255/TheSimpsons_TABF04_2500_1280x720_388772419542.jpg
565,26,13,565,Walking Big & Tall,6.3,http://static-media.fxx.com/img/FX_Networks_-_FXX/532/854/TheSimpsons_TABF06_2500_1280x720_395693635752.jpg
566,26,14,566,My Fare Lady,6.7,http://static-media.fxx.com/img/FX_Networks_-_FXX/980/875/TheSimpsons_TABF07_2500_1280x720_399381571566.jpg
567,26,15,567,The Princess Guide,6.6,http://static-media.fxx.com/img/FX_Networks_-_FXX/276/239/TheSimpsons_TABF08_2500_1280x720_406150723868.jpg
568,26,16,568,Sky Police,6.9,http://static-media.fxx.com/img/FX_Networks_-_FXX/880/1014/TheSimpsons_TABF09_2500_1280x720_410016835657.jpg
569,26,17,569,Waiting for Duffman,6.7,http://static-media.fxx.com/img/FX_Networks_-_FXX/72/71/TheSimpsons_TABF10_b_1280x720_420421187988.jpg
570,26,18,570,Peeping Mom,6.7,http://static-media.fxx.com/img/FX_Networks_-_FXX/887/903/TheSimpsons_TABF11_1280x720_430425155986.jpg
571,26,19,571,The Kids Are All Fight,6.9,http://static-media.fxx.com/img/FX_Networks_-_FXX/850/987/TheSimpsons_TABF12_1280x720_434681923645.jpg
572,26,20,572,Let's Go Fly a Coot,6.2,http://static-media.fxx.com/img/FX_Networks_-_FXX/307/715/TheSimpsons_TABF13_1280x720_438403139879.jpg
573,26,21,573,Bull-E,6.8,http://static-media.fxx.com/img/FX_Networks_-_FXX/475/879/TheSimpsons_TABF15_1280x720_442878531850.jpg
574,26,22,574,Mathlete's Feat,6.9,http://static-media.fxx.com/img/FX_Networks_-_FXX/999/75/TheSimpsons_TABF16_1280x720_446647875723.jpg
575,27,1,575,Every Man's Dream,5.9,http://static-media.fxx.com/img/FX_Networks_-_FXX/529/403/TheSimpsons_TABF14_1280x720_533027395692.jpg
576,27,2,576,Cue Detective,6.7,http://static-media.fxx.com/img/FX_Networks_-_FXX/690/39/TheSimpsons_TABF17_1280x720_538102339785.jpg
577,27,3,577,Puffless,7.2,http://static-media.fxx.com/img/FX_Networks_-_FXX/80/527/TheSimpsons_TABF19b_1280x720_546148419631.jpg
578,27,4,578,Halloween of Horror,7.5,http://static-media.fxx.com/img/FX_Networks_-_FXX/528/427/TheSimpsons_TABF22_1280x720_546469443783.jpg
579,27,5,579,Treehouse of Horror XXVI,6.8,http://static-media.fxx.com/img/FX_Networks_-_FXX/535/259/TheSimpsons_TABF18_1280x720_551644227791.jpg
580,27,6,580,Friend with Benefit,6.8,http://static-media.fxx.com/img/FX_Networks_-_FXX/539/163/Simpsons_27_06.jpg
581,27,7,581,Lisa with an 'S',6.3,http://static-media.fxx.com/img/FX_Networks_-_FXX/520/119/fox_TheSimpsons_TABF20_hulu.jpg
582,27,8,582,Paths of Glory,7.1,http://static-media.fxx.com/img/FX_Networks_-_FXX/524/1022/Simpsons_27_08.jpg
583,27,9,583,Barthood,8.4,http://static-media.fxx.com/img/FX_Networks_-_FXX/526/474/fox_TheSimpsons_VABF02_hulu.jpg
584,27,10,584,The Girl Code,6.6,http://static-media.fxx.com/img/FX_Networks_-_FXX/536/734/Simpsons_27_10.jpg
585,27,11,585,Teenage Mutant Milk-Caused Hurdles,6.8,http://static-media.fxx.com/img/FX_Networks_-_FXX/532/331/Simpsons_27_11.jpg
586,27,12,586,Much Apu About Something,6.7,http://static-media.fxx.com/img/FX_Networks_-_FXX/550/898/Simpsons_27_12.jpg
587,27,13,587,Love Is in the N2-O2-Ar-CO2-Ne-He-CH4,6.3,http://static-media.fxx.com/img/FX_Networks_-_FXX/541/615/Simpsons_27_13.jpg
588,27,14,588,Gal of Constant Sorrow,6.6,http://static-media.fxx.com/img/FX_Networks_-_FXX/552/851/simp_Gal_of_Constant_Sorrow-VABF06Sc1117_hires2.jpg
589,27,15,589,Lisa the Veterinarian,6.3,http://static-media.fxx.com/img/FX_Networks_-_FXX/553/827/simp_VABF08_Sc_1043_hires2.jpg
590,27,16,590,The Marge-ian Chronicles,7.3,http://static-media.fxx.com/img/FX_Networks_-_FXX/972/271/simp_The_Marg-ian_Chronicles_VABF09-Sc3022_hires2.jpg
591,27,17,591,The Burns Cage,6.5,http://static-media.fxx.com/img/FX_Networks_-_FXX/974/722/Simpsons_27_17.jpg
592,27,18,592,How Lisa Got Her Marge Back,6.4,http://static-media.fxx.com/img/FX_Networks_-_FXX/974/723/fox_TheSimpsons_VABF11_hulu.jpg
593,27,19,593,Fland Canyon,7.1,http://static-media.fxx.com/img/FX_Networks_-_FXX/975/199/simp_Fland_Canyon_VABF12Sc2032_hires2.jpg
594,27,20,594,To Courier with Love,6.7,http://static-media.fxx.com/img/FX_Networks_-_FXX/79/51/fox_TheSimpsons_VABF14_hulu.jpg
595,27,21,595,Simprovised,6.4,http://static-media.fxx.com/img/FX_Networks_-_FXX/973/247/fox_TheSimpsons_VABF13_hulu.jpg
596,27,22,596,Orange Is the New Yellow,6.9,http://static-media.fxx.com/img/FX_Networks_-_FXX/88/335/fox_TheSimpsons_VABF15_hulu.jpg
